id,Count,name
1,79,Limechat Development
2,20,OpenSecret
3,20,TWTF
5,13,Fast&Up (Aeronutrix)
7,113,Limechat Test
8,19,biocule
11,1,Arjun
12,19,Adilqadri
13,18,WSS
14,12,TimberSonic Flows
15,9,Attitudist Flows
16,5,June Shop
17,11,Manish
18,16,Nitin
19,5,Samreen
20,6,Shri and Sam
21,6,Akshay
22,61,Ashish
23,6,Rishav
24,3,Zeisha
25,4,Kaushal
26,14,Shubhankar
28,17,Pavan
29,6,Uttam
30,19,Skanda
31,9,Vikas
32,9,Pritesh
34,4,Divyang
35,3,Surbhi Dua
36,28,Nishita
37,7,Siddharth
38,8,Seerat
39,7,Juilee
40,10,Vivek
42,10,Davesh
43,27,Avnish
44,4,Komal
45,5,Lopamudra
46,47,Shreedha
47,6,Vaishali
48,14,Purav
49,11,Mohit
50,12,Jagadeesh
53,10,Anurag
86,9,Shaurya
152,8,StarStruck by Sunny Leone
218,7,371
222,9,Gaurav
224,4,FuelShoes
225,27,Raghav
226,15,Ashok
251,7,Saurabh
252,6,Ashish
284,3,Nonu Care
317,26,Krithika
350,14,Adnan
383,3,Ekaya
416,7,Shilpa
449,13,Azah
450,4,Zavya
482,16,Sowbhagya
515,6,Manoj
548,2,Palak
581,6,Karan
647,6,Pankaj
680,5,Swati Dayani
713,6,Subhash
746,2,Vidhya
747,9,Sayan Maity
779,15,Archana Chindam
812,4,Sanchit
845,4,Amit
878,3,SimplyNam
913,1,Gynoveda
944,3,Traya
977,9,Saumitra
1010,4,Weithing
1043,14,Root Deep
1175,22,Man Matters
1208,4,BodyCupid
1209,3,Hamza
1241,4,Annie
1274,2,Anand
1340,6,Mike
1373,9,Nobero
1406,1,Healthy Mithai
1439,5,Gaurav
1505,4,CrossBeats
1538,29,Jugal Singh
1572,10,Rakesh
1604,5,Sahil
1637,3,Rohit
1670,4,Avinash
1736,5,Harry
1769,5,Kaz Kosciolek
1770,29,Tyler Critelli
1802,15,Supriya
1835,4,AcneSquad
1868,1,Rahul
1901,12,Jayant Sethi
1902,60,Marmik
1934,9,Modern Crew
1968,2,Divya Gupta
2000,4,Iman Hamidi
2033,3,Pavithran
2066,36,Maulik Gupta
2132,5,Anurag
2133,8,Bella Vita
2165,17,Drishti Singhal
2198,8,Rahul Giblani
2231,2,Gagandeep Kohli
2330,43,MyFrido
2429,6,Headway
2430,9,Rabitat
2528,5,Sawan Biswas
2561,17,Nikita Agarwal
2627,6,Abhishek
2628,12,Aditi Murarka
2693,8,Roney Dsouza
2726,2,Nagendra
2759,5,Akash
2792,5,Advaith
2825,4,Apurve
2858,2,Divya
2891,5,Manish Goswami
2957,12,def
2990,7,Lakshita
3023,3,Saad Haris
3089,10,Insiya
3122,9,Meet Mehta
3123,15,Dharmil
3155,15,Adam Hutton
3188,3,First Leaf
3221,8,Shakul
3287,9,Sehej Anand
3320,8,Neeraj
3353,5,Mrinal Shandilya
3386,6,Yuvraj Bakshi
3387,3,Bhishma
3419,4,Saksham Rajput
3485,2,ParthGandhi
3551,26,hoop
3584,3,Jared
3617,1,Tanay
3651,6,Yashar Khan
3652,1,Nihal
3683,3,Bhupendra Kumar
3716,21,Omar
3749,1,Rahul
3750,1,Aashita
3815,6,Parth
3848,1,Ayush
3849,1,Akshay
3914,7,Admin OffDuty
3950,10,Aishani
3980,9,Joshua
4013,5,Shiv
4046,5,Jatin
4079,10,Rakshat
4145,6,Robin
4178,6,Jaini
4244,10,Sainadh Sainadh
4277,28,Innu Nevatia
4310,2,Nirav
4376,4,Sharang
4377,3,Uzair
4409,4,Viraj Anam
4410,26,Namratha Nanda
4442,3,Neelam
4475,5,Isha
4607,2,Abhijeet
4640,3,F&P Team
4739,2,Padmini
4740,7,Raghav Saxena
4741,9,Anuj
4805,10,Garima
4838,7,Sachin
4937,4,Simone
4970,5,putchi
5003,2,Vidhya
5036,8,Roshini
5069,5,Shazia
5168,3,Sarthak
5201,5,Prateek
5267,3,Ishita
5300,4,Abhinav
5333,6,Dharaa
5498,3,Bhavdip
5531,5,Prachi Bapna
5564,4,Nishita
5597,4,Madhura
5630,4,Arjun
5730,4,Shahbaaz Khan
5762,3,Mihir
5795,6,Amit
5828,5,Superfoods Valley
5861,1,Shaun
5894,15,Elvis
5927,8,Chetan
6059,10,Nikhil
6125,5,Hitesh
6158,3,Kapil
6257,15,Padmini
6290,2,Shesha
6323,4,ApurvaKothari
6356,4,SabhyataSharma
6422,4,Vinay
6455,6,Bhawna
6488,4,EktaChauhan
6554,44,Niketh
6620,6,Sharanjeet
6686,3,NatwarMall
6719,3,Jaspreet
6785,5,Goutham
6884,2,Badili
6917,4,Kashik
6950,4,Amay
6983,5,Akash
7082,3,KumaranRajan
7214,7,Thomas
7247,15,Riya
7313,4,Ronak
7346,5,Jisora
7347,5,Vergil
7478,6,aafreen
7511,1,Umair
7577,4,Bhavya
7578,3,Rasika
7610,4,DhruvSapra
7775,4,Rohan
7874,2,Priyank
7875,3,Utsav
7940,3,Soumya
7941,3,Nitesh
8006,5,Neulife
8138,2,Prashant
8171,11,Oswaal
8336,8,Mahina
8402,7,Kanishka
8435,1,Sounak
8436,3,Shyamjith
8438,7,Ishita
8440,4,Siddhant
8441,6,Sunny
8442,6,Deep
8443,9,Shivam
8444,5,Paaduks
8445,20,Aditi
8446,5,Gaurav
8448,3,Akash
8449,10,Susovan
8451,2,Akarsh
8460,1,Ritika
8462,4,Hannah
8465,11,UeirOrganics
8470,3,Amrita
8471,3,Ankit
8474,4,Zainil
8475,6,Prashik
8476,1,DrSquatch
8479,9,Akshat
8480,5,Sulay
8482,5,BrewingGadgets
8486,3,IndeWild
8487,7,Baebeau
8492,8,Sonal
8493,3,RoposoGlance
8494,4,Sam - Evemen
8497,4,Aditya
9419,2,NativeClap
9431,2,Flits
9435,5,Sproutlife Foods Pvt. Ltd.
9468,7,doveindia
